[
  {
    "icon": "fa fa-home",
    "slug": "external",
    "title": "Volver al inicio",
    "path": "index.html"
  },  
  { 
    "id": 1,
    "icon": "fa fa-play-circle",
    "slug": "Introduccion",
    "title": "Introducción",
    "breadcrumb": ["Inicio","Introducción"],
    "path": "pages/intro.html"
  },  
  { 
    "id": 2,
    "icon": "fa fa-file-text-o",
    "slug": "empresa",
    "title": "1. La empresa",
    "breadcrumb": ["Inicio","tema 1"],
    "path": "pages/1-tema.html",    
    "submenu": [
      {
        "icon": "fa fa-file-text-o",
        "slug": "empresa",
        "title": "1.1 Concepto de empresa",
        "anchor": "11"
      },   
      {
        "icon": "fa fa-file-text-o",
        "slug": "empresa",
        "title": "1.2 Clasificación de las empresas",
        "anchor": "12"
      },
      {
        "icon": "fa fa-file-text-o",
        "slug": "empresa",
        "title": "1.3 Tipo de sociedades",
        "anchor": "13"
      },   
      {
        "icon": "fa fa-file-text-o",
        "slug": "empresa",
        "title": "1.4 Concepto contable de empresa",
        "anchor": "14"
      },   
      {
        "icon": "fa fa-file-text-o",
        "slug": "empresa",
        "title": "1.5 Sectores económicos",
        "anchor": "15"
      }         
    ]   
   },

  {
    "id": 3,
    "icon": "fa fa-file-text-o",
    "slug": "contabilidad",
    "title": "2. Contabilidad",
    "breadcrumb": ["Inicio","Tema 2"],
    "path": "pages/2-tema.html",
    "submenu": [
      {
        "icon": "fa fa-file-text-o",
        "slug": "contabilidad",
        "title": "2.1 Concepto",
        "anchor": "21"
      },
      {
        "icon": "fa fa-file-text-o",
        "slug": "contabilidad",
        "title": "2.2 Clasificación",
        "anchor": "22"
      },
      {
        "icon": "fa fa-file-text-o",
        "slug": "contabilidad",
        "title": "2.3 Cuenta y su clasificación",
        "anchor": "23"
      },
      {
        "icon": "fa fa-file-text-o",
        "slug": "contabilidad",
        "title": "2.4 Normas relacionadas con contabilidad",
        "anchor": "24"
      },
      {
        "icon": "fa fa-file-text-o",
        "slug": "contabilidad",
        "title": "2.5 Características de pequeñas y medianas empresas",
        "anchor": "25"
      },
      {
        "icon": "fa fa-file-text-o",
        "slug": "contabilidad",
        "title": "2.6 Estados financieros con propósito de información general",
        "anchor": "26"
      },      {
        "icon": "fa fa-file-text-o",
        "slug": "contabilidad",
        "title": "2.7 Clasificación de los grupos de empresas",
        "anchor": "27"
      },
      {
        "icon": "fa fa-file-text-o",
        "slug": "contabilidad",
        "title": "2.8 Estructura de las NIIF y NIFF pymes",
        "anchor": "28"
      }

    ]  
  
  },
  {
    "icon": "fa fa-question-circle",
    "slug": "actividad-1",
    "title": "Actividad didáctica",
    "path": "pages/actividad-1.html"
  }
  
]